letra,segmento,codigo_modelo,generacion,primer_mes,ultimo_mes,unidades,en_tarifa_A013
B,C,BC,1,A0030101,A0050301,1487,0
B,C,BB,1,A0030101,A0050701,2565,0
B,C,BD,1,A0030101,A0060301,381,0
B,C,BF,1,A0040101,A0060601,113,0
B,C,BH,1,A0040901,A0090301,4340,0
B,C,BJ,1,A0061001,A0090301,157,0
B,C,BP,1,A0061001,A0090301,2181,0
B,C,BR,1,A0080501,A0101201,1828,0
B,C,BS,1,A0080601,A0101201,3453,0
B,C,BA,1,A0090901,A0120501,7289,0
B,C,BD,2,A0120101,A0121201,4015,1
D,B,DJ,1,A0030101,A0030501,6,0
D,B,DL6,1,A0030101,A0040101,122,0
D,B,DM2,1,A0030101,A0040701,85,0
D,B,DL4,1,A0030101,A0041001,875,0
D,B,DL5,1,A0030101,A0041001,443,0
D,B,DM1,1,A0030101,A0041001,74,0
D,B,DM0,1,A0030101,A0050701,253,0
D,B,DR,1,A0031201,A0080701,132,0
D,B,DP,1,A0040101,A0080801,1494,0
D,B,DA,1,A0080701,A0100101,129,0
D,B,DB5,1,A0080201,A0100501,185,0
D,B,DC,1,A0080201,A0110101,2912,0
D,B,DG7,1,A0100401,A0110901,1582,0
D,B,DG8,1,A0101001,A0120201,134,0
D,B,DJ,2,A0110601,A0121201,395,1
D,B,DM8,1,A0110901,A0121201,113,1
D,B,DM9,1,A0110601,A0121201,2071,1
D,B,DA,2,,,0,1
D,B,DHM,1,,,0,1
D,CSUV,DF,1,A0120801,A0121201,1435,1
D,CSUV,DGK,1,,,0,1
D,CSUV,DGL,1,,,0,1
D,SSUV,DB3,1,A0080701,A0100101,57,0
D,SSUV,DB6,1,A0080501,A0100601,148,0
D,SSUV,DD,1,A0080401,A0110101,5003,0
D,SSUV,DB2,1,A0080401,A0110201,1933,0
D,SSUV,DH1,1,A0100301,A0110701,40,0
D,SSUV,DH0,1,A0100201,A0120401,7202,0
D,SSUV,DM5,1,A0110901,A0121101,112,0
D,SSUV,DH4,1,A0110801,A0121201,917,0
D,SSUV,DL8,1,A0110801,A0121201,6996,1
D,SSUV,DL9,1,A0110801,A0121201,187,0
D,SSUV,DE,1,,,0,1
G,MD,GA,1,A0030101,A0040301,26,0
G,MD,GS,1,A0030101,A0040901,235,0
G,MD,GE,1,A0030301,A0060801,506,0
G,MD,GD,1,A0030101,A0061001,2755,0
G,MD,GH,1,A0051101,A0080201,380,0
G,MD,GK,1,A0051201,A0080601,1412,0
G,MD,GM,1,A0061001,A0101201,4103,0
G,MD,GB,1,A0110601,A0121201,129,1
G,MD,GC,1,A0110601,A0121201,757,1
G,MD,GR,1,A0090801,A0121201,2687,1
G,MD,GS,2,A0110601,A0121201,154,1
K,MSUV,KD,1,A0050101,A0061201,1067,0
K,MSUV,KE,1,A0050401,A0061201,428,0
K,MSUV,KF,1,A0050401,A0070101,373,0
K,MSUV,KS,1,A0060201,A0080901,2419,0
K,MSUV,KR,1,A0060201,A0081001,5368,0
K,MSUV,KA,1,A0080101,A0101201,14457,0
K,MSUV,KF,2,A0100401,A0120201,851,0
K,MSUV,KB,1,A0100401,A0120501,9563,0
K,MSUV,KC,1,A0100801,A0120901,699,1
K,MSUV,KD,2,A0100401,A0121101,136,0
K,MSUV,KL,1,A0110801,A0121201,3662,0
K,MSUV,KR,2,A0120101,A0121201,7207,1
K,MSUV,KF,3,,,0,1
K,MSUV,KJ,1,,,0,1
N,S,NH,1,A0030101,A0060801,230,0
N,S,NP,1,A0030301,A0080501,308,0
N,S,NB,1,A0080801,A0100201,18,0
N,S,NC,1,A0100301,A0110501,120,0
N,S,NA,1,A0070201,A0120201,1150,0
N,S,ND,1,A0110101,A0121201,875,1
N,S,NF,1,A0120401,A0121201,111,1
