t,periodo,anio,mes,pib_var,consumo_privado_var,paro,confianza_consumidor,hipotecas,tipo_credito_consumo,indice_actividad,indice_comercio,viajeros_var,incentivo_publico,adelanto_compras,caida_tras_adelanto,subida_iva,dias_laborables,semana_santa
1,A0010101,A001,1,2.544,2.294,9.6,70.88,93838.0,9.963,116.824,122.522,4.091,0,0,0,0,22,0
2,A0010201,A001,2,2.544,2.294,9.6,76.76,91997.0,9.767,117.529,119.657,8.015,0,0,0,0,21,0
3,A0010301,A001,3,2.544,2.294,9.6,73.08,70210.0,9.834,117.298,120.575,7.516,0,0,0,0,20,1
4,A0010401,A001,4,1.744,0.565,10.36,63.81,86127.0,9.823,124.841,126.845,-9.977,0,0,0,0,22,0
5,A0010501,A001,5,1.744,0.565,10.36,56.44,77157.0,9.981,122.253,123.904,6.16,0,0,0,0,21,0
6,A0010601,A001,6,1.744,0.565,10.36,51.71,68475.0,10.088,121.66,121.696,-3.217,0,0,0,0,21,0
7,A0010701,A001,7,0.784,-1.556,11.23,46.31,72813.0,10.002,130.685,130.281,0.459,0,0,0,0,23,0
8,A0010801,A001,8,0.784,-1.556,11.23,51.41,56020.0,11.147,98.124,101.32,-0.707,0,0,0,0,20,0
9,A0010901,A001,9,0.784,-1.556,11.23,49.54,66239.0,10.956,116.693,114.172,-3.038,0,0,0,0,22,0
10,A0011001,A001,10,-1.476,-4.031,13.79,50.14,63949.0,10.676,116.772,117.249,-6.691,0,0,0,0,23,0
11,A0011101,A001,11,-1.476,-4.031,13.79,48.7,51104.0,10.827,104.692,106.533,-11.987,0,0,0,0,20,0
12,A0011201,A001,12,-1.476,-4.031,13.79,48.91,48490.0,10.483,110.249,116.845,-9.326,0,0,0,0,21,0
13,A0020101,A002,1,-4.25,-4.997,17.24,50.06,52547.0,11.077,92.134,97.188,-14.138,0,0,0,0,20,0
14,A0020201,A002,2,-4.25,-4.997,17.24,48.61,50535.0,10.269,90.441,91.221,-15.164,0,0,0,0,20,0
15,A0020301,A002,3,-4.25,-4.997,17.24,53.74,52268.0,9.732,98.237,100.121,-19.824,0,0,0,0,22,0
16,A0020401,A002,4,-4.364,-4.898,17.77,61.91,50266.0,10.141,95.452,97.149,-1.712,0,0,0,0,21,1
17,A0020501,A002,5,-4.364,-4.898,17.77,63.78,57438.0,9.888,95.205,95.862,-9.015,1,0,0,0,20,0
18,A0020601,A002,6,-4.364,-4.898,17.77,66.36,61832.0,9.619,103.229,102.691,-7.852,1,0,0,0,22,0
19,A0020701,A002,7,-3.986,-2.992,17.75,76.14,59605.0,9.856,107.193,109.804,-5.49,1,0,0,0,23,0
20,A0020801,A002,8,-3.986,-2.992,17.75,79.51,51970.0,10.704,82.845,85.651,-5.338,1,0,0,0,21,0
21,A0020901,A002,9,-3.986,-2.992,17.75,70.3,62971.0,10.527,99.82,101.289,-6.362,1,0,0,0,22,0
22,A0021001,A002,10,-2.43,-1.394,18.66,69.23,52250.0,9.762,102.169,105.661,-0.346,1,0,0,0,21,0
23,A0021101,A002,11,-2.43,-1.394,18.66,75.3,51769.0,9.702,98.104,101.183,-3.286,1,0,0,0,21,0
24,A0021201,A002,12,-2.43,-1.394,18.66,74.7,47438.0,9.277,107.069,115.501,2.511,1,0,0,0,21,0
25,A0030101,A003,1,0.152,0.214,19.84,78.7,53898.0,10.153,89.034,93.621,1.363,1,0,0,0,19,0
26,A0030201,A003,2,0.152,0.214,19.84,71.1,55194.0,9.735,90.755,92.053,3.679,1,0,0,0,20,0
27,A0030301,A003,3,0.152,0.214,19.84,72.7,54135.0,9.162,104.894,109.083,7.606,1,0,0,0,23,0
28,A0030401,A003,4,0.313,1.338,19.89,78.18,50779.0,9.251,98.132,101.297,3.722,1,0,0,0,21,1
29,A0030501,A003,5,0.313,1.338,19.89,65.1,55489.0,9.302,100.804,102.657,5.844,1,0,0,0,21,0
30,A0030601,A003,6,0.313,1.338,19.89,65.9,56734.0,6.701,109.174,112.609,5.992,0,0,0,1,22,0
31,A0030701,A003,7,0.05,-0.118,19.59,73.62,55709.0,6.922,106.262,105.628,7.881,0,0,0,0,22,0
32,A0030801,A003,8,0.05,-0.118,19.59,74.85,50142.0,7.107,86.022,88.381,6.273,0,0,0,0,22,0
33,A0030901,A003,9,0.05,-0.118,19.59,72.8,53127.0,7.231,101.914,101.692,7.308,0,0,0,0,22,0
34,A0031001,A003,10,0.138,0.049,20.11,67.1,39326.0,7.115,101.575,103.135,9.533,0,0,0,0,20,0
35,A0031101,A003,11,0.138,0.049,20.11,70.0,43797.0,7.192,102.522,103.938,5.629,0,0,0,0,21,0
36,A0031201,A003,12,0.138,0.049,20.11,64.57,39205.0,6.923,108.926,115.377,4.859,0,0,0,0,21,0
37,A0040101,A004,1,0.01,-1.487,21.08,70.7,49510.0,7.691,93.571,95.93,4.313,0,0,0,0,20,0
38,A0040201,A004,2,0.01,-1.487,21.08,73.4,49892.0,7.891,95.039,93.379,4.781,0,0,0,0,20,0
39,A0040301,A004,3,0.01,-1.487,21.08,68.3,42982.0,7.851,108.11,106.817,2.149,0,0,0,0,23,0
40,A0040401,A004,4,-0.456,-2.784,20.64,73.2,31275.0,7.536,99.438,99.865,9.385,0,0,0,0,20,1
41,A0040501,A004,5,-0.456,-2.784,20.64,74.3,37440.0,7.939,103.895,101.242,-0.164,0,0,0,0,22,0
42,A0040601,A004,6,-0.456,-2.784,20.64,74.9,32533.0,7.355,106.296,103.423,8.935,0,0,0,0,22,0
43,A0040701,A004,7,-1.051,-2.24,21.28,73.8,29458.0,7.899,106.868,103.866,6.935,0,0,0,0,21,0
44,A0040801,A004,8,-1.051,-2.24,21.28,73.3,29502.0,8.13,89.947,88.826,5.93,0,0,0,0,22,0
45,A0040901,A004,9,-1.051,-2.24,21.28,65.8,31284.0,8.589,104.055,99.087,6.149,0,0,0,0,22,0
46,A0041001,A004,10,-1.759,-3.338,22.56,64.1,22317.0,8.739,101.12,98.703,-0.085,0,0,0,0,20,0
47,A0041101,A004,11,-1.759,-3.338,22.56,70.5,27938.0,8.232,101.151,100.055,-1.484,0,0,0,0,21,0
48,A0041201,A004,12,-1.759,-3.338,22.56,71.0,24330.0,8.568,104.816,109.085,-1.203,0,0,0,0,20,0
49,A0050101,A005,1,-2.528,-2.347,24.19,68.3,29035.0,9.565,94.098,94.098,2.678,0,0,0,0,21,0
50,A0050201,A005,2,-2.528,-2.347,24.19,58.0,26169.0,9.239,94.952,90.631,-1.429,0,0,0,0,21,0
51,A0050301,A005,3,-2.528,-2.347,24.19,63.67,24679.0,8.819,102.418,100.48,-0.987,0,0,0,0,22,0
52,A0050401,A005,4,-3.157,-2.851,24.4,50.25,21367.0,8.644,92.97,89.774,-4.303,0,0,0,0,20,1
53,A0050501,A005,5,-3.157,-2.851,24.4,50.5,25946.0,8.565,99.961,95.73,-0.923,0,0,0,0,22,0
54,A0050601,A005,6,-3.157,-2.851,24.4,50.6,24308.0,7.591,100.634,96.884,-2.524,0,0,0,0,21,0
55,A0050701,A005,7,-3.023,-4.011,24.79,37.6,24035.0,8.534,102.773,97.373,-4.331,0,0,0,0,22,0
56,A0050801,A005,8,-3.023,-4.011,24.79,41.6,20853.0,8.864,90.859,89.963,-3.474,0,0,0,1,22,0
57,A0050901,A005,9,-3.023,-4.011,24.79,43.2,21500.0,8.744,92.771,85.851,-1.799,0,0,0,0,20,0
58,A0051001,A005,10,-3.134,-4.087,25.77,44.8,19150.0,8.56,99.852,94.781,-5.409,1,0,0,0,22,0
59,A0051101,A005,11,-3.134,-4.087,25.77,45.0,19183.0,8.447,95.401,91.9,-2.654,1,0,0,0,21,0
60,A0051201,A005,12,-3.134,-4.087,25.77,44.3,17648.0,7.762,98.206,101.283,-5.657,1,0,0,0,19,0
61,A0060101,A006,1,-2.53,-5.328,26.94,55.7,25823.0,8.823,90.973,90.276,-8.437,1,0,0,0,22,0
62,A0060201,A006,2,-2.53,-5.328,26.94,50.7,24494.0,8.981,88.06,83.596,-8.708,1,0,0,0,20,0
63,A0060301,A006,3,-2.53,-5.328,26.94,52.1,16301.0,8.961,91.661,88.472,6.921,1,0,0,0,20,1
64,A0060401,A006,4,-1.67,-3.675,26.06,56.7,17698.0,8.918,94.556,91.353,-11.552,1,0,0,0,22,0
65,A0060501,A006,5,-1.67,-3.675,26.06,50.8,18604.0,9.029,97.282,93.85,5.02,1,0,0,0,22,0
66,A0060601,A006,6,-1.67,-3.675,26.06,61.8,14402.0,8.728,95.638,92.905,1.6,1,0,0,0,20,0
67,A0060701,A006,7,-1.22,-2.11,25.65,63.3,14055.0,9.229,103.42,100.021,0.295,1,0,0,0,23,0
68,A0060801,A006,8,-1.22,-2.11,25.65,68.6,12146.0,9.461,86.041,85.233,4.648,1,0,0,0,21,0
69,A0060901,A006,9,-1.22,-2.11,25.65,69.8,14888.0,9.219,94.682,89.889,1.489,1,0,0,0,21,0
70,A0061001,A006,10,-0.295,-0.321,25.73,65.3,14984.0,9.156,99.476,96.624,2.89,1,0,0,0,23,0
71,A0061101,A006,11,-0.295,-0.321,25.73,72.3,13926.0,9.136,94.253,92.625,7.127,1,0,0,0,20,0
72,A0061201,A006,12,-0.295,-0.321,25.73,71.0,12382.0,8.901,100.14,102.285,7.494,1,0,0,0,20,0
73,A0070101,A007,1,0.392,1.096,25.93,77.7,17429.0,9.008,90.547,91.197,6.623,1,0,0,0,21,0
74,A0070201,A007,2,0.392,1.096,25.93,71.5,16479.0,9.198,87.627,84.833,7.119,1,0,0,0,20,0
75,A0070301,A007,3,0.392,1.096,25.93,76.3,16545.0,8.927,94.633,92.941,-6.485,1,0,0,0,21,0
76,A0070401,A007,4,0.945,1.55,24.47,82.0,15528.0,8.823,95.121,93.447,16.212,1,0,0,0,21,1
77,A0070501,A007,5,0.945,1.55,24.47,84.9,17790.0,8.937,98.345,96.693,4.997,1,0,0,0,21,0
78,A0070601,A007,6,0.945,1.55,24.47,89.3,16987.0,8.673,99.092,95.725,3.598,1,0,0,0,21,0
79,A0070701,A007,7,1.748,2.137,23.67,88.9,17949.0,8.714,105.672,102.841,2.499,1,0,0,0,23,0
80,A0070801,A007,8,1.748,2.137,23.67,87.7,15321.0,9.023,86.212,86.079,4.786,1,0,0,0,20,0
81,A0070901,A007,9,1.748,2.137,23.67,89.3,19820.0,9.085,99.593,94.289,5.132,1,0,0,0,22,0
82,A0071001,A007,10,2.451,1.97,23.7,86.8,17919.0,8.986,103.813,100.636,6.969,1,0,0,0,23,0
83,A0071101,A007,11,2.451,1.97,23.7,83.6,16540.0,9.107,96.197,95.113,0.624,1,0,0,0,20,0
84,A0071201,A007,12,2.451,1.97,23.7,90.6,15995.0,7.738,103.6,107.882,7.282,1,0,0,0,21,0
85,A0080101,A008,1,3.247,2.719,23.78,99.6,21040.0,8.138,91.095,93.017,7.94,1,0,0,0,20,0
86,A0080201,A008,2,3.247,2.719,23.78,99.0,21464.0,8.212,91.205,88.673,6.025,1,0,0,0,20,0
87,A0080301,A008,3,3.247,2.719,23.78,100.4,20068.0,7.924,101.38,100.135,6.502,1,0,0,0,22,0
88,A0080401,A008,4,3.873,2.675,22.37,101.8,18949.0,7.814,97.739,97.707,5.023,0,0,0,0,21,1
89,A0080501,A008,5,3.873,2.675,22.37,103.1,19815.0,7.959,100.711,99.624,6.676,0,0,0,0,20,0
90,A0080601,A008,6,3.873,2.675,22.37,101.4,21887.0,7.783,105.722,103.829,4.899,0,0,0,0,22,0
91,A0080701,A008,7,4.048,3.308,21.18,105.6,21978.0,8.004,110.792,109.301,7.397,0,0,0,0,23,0
92,A0080801,A008,8,4.048,3.308,21.18,105.9,19375.0,8.221,88.604,90.011,4.622,0,0,0,0,21,0
93,A0080901,A008,9,4.048,3.308,21.18,106.1,24237.0,8.214,102.183,99.974,4.536,0,0,0,0,22,0
94,A0081001,A008,10,4.162,3.083,20.9,99.78,19326.0,8.078,103.725,104.223,8.727,0,0,0,0,21,0
95,A0081101,A008,11,4.162,3.083,20.9,104.6,19224.0,7.649,100.04,100.548,7.1,0,0,0,0,21,0
96,A0081201,A008,12,4.162,3.083,20.9,107.4,19404.0,7.555,106.804,112.958,6.386,0,0,0,0,21,0
97,A0090101,A009,1,3.679,2.612,21.0,99.05,23295.0,8.143,90.625,94.152,10.286,0,0,0,0,19,0
98,A0090201,A009,2,3.679,2.612,21.0,95.22,25023.0,7.893,93.605,92.644,12.641,0,0,0,0,21,0
99,A0090301,A009,3,3.679,2.612,21.0,92.6,23065.0,7.887,101.512,102.757,17.503,0,0,0,0,22,1
100,A0090401,A009,4,3.009,3.095,20.0,91.0,23873.0,7.436,100.935,102.322,0.873,0,0,0,0,21,0
101,A0090501,A009,5,3.009,3.095,20.0,90.73,26558.0,7.647,102.37,103.87,5.313,0,0,0,0,22,0
102,A0090601,A009,6,3.009,3.095,20.0,96.25,25342.0,7.665,107.756,108.656,7.368,0,0,0,0,22,0
103,A0090701,A009,7,2.985,2.601,18.91,94.82,18707.0,8.054,107.731,109.694,9.312,0,0,0,0,21,0
104,A0090801,A009,8,2.985,2.601,18.91,97.27,20593.0,8.106,92.957,96.121,3.744,0,0,0,0,22,0
105,A0090901,A009,9,2.985,2.601,18.91,90.97,26915.0,7.979,104.673,103.846,7.376,0,0,0,0,22,0
106,A0091001,A009,10,2.471,2.471,18.63,90.65,22828.0,7.704,105.346,106.864,6.782,0,0,0,0,20,0
107,A0091101,A009,11,2.471,2.471,18.63,99.37,25826.0,7.01,106.125,107.929,5.035,0,0,0,0,21,0
108,A0091201,A009,12,2.471,2.471,18.63,100.73,20682.0,7.123,110.695,118.056,4.176,0,0,0,0,20,0
109,A0100101,A010,1,2.549,3.094,18.75,98.25,27279.0,7.719,100.004,102.635,6.299,0,0,0,0,21,0
110,A0100201,A010,2,2.549,3.094,18.75,95.07,24549.0,7.77,99.172,98.443,2.296,0,0,0,0,20,0
111,A0100301,A010,3,2.549,3.094,18.75,99.65,27805.0,7.854,113.26,114.642,-4.164,0,0,0,0,23,0
112,A0100401,A010,4,3.17,2.826,17.22,106.73,21400.0,7.582,102.273,105.823,19.053,0,0,0,0,19,1
113,A0100501,A010,5,3.17,2.826,17.22,105.35,29041.0,7.684,112.607,112.736,2.864,0,0,0,0,22,0
114,A0100601,A010,6,3.17,2.826,17.22,105.82,29439.0,7.353,115.329,115.632,4.52,0,0,0,0,22,0
115,A0100701,A010,7,2.808,2.82,16.38,108.27,25545.0,7.507,113.1,113.943,2.63,0,0,0,0,21,0
116,A0100801,A010,8,2.808,2.82,16.38,108.77,26924.0,7.668,98.743,101.719,1.239,0,0,0,0,22,0
117,A0100901,A010,9,2.808,2.82,16.38,103.17,29638.0,7.818,110.94,110.516,4.259,0,0,0,0,21,0
118,A0101001,A010,10,3.038,3.185,16.55,99.6,25217.0,7.794,112.889,112.877,1.978,0,0,0,0,21,0
119,A0101101,A010,11,3.038,3.185,16.55,100.45,25257.0,7.066,114.229,116.72,4.867,0,0,0,0,21,0
120,A0101201,A010,12,3.038,3.185,16.55,102.45,20749.0,7.244,115.794,122.678,4.795,0,0,0,0,18,0
121,A0110101,A011,1,2.77,2.49,16.74,102.3,30073.0,7.719,107.198,110.05,2.991,0,0,0,0,22,0
122,A0110201,A011,2,2.77,2.49,16.74,99.7,28400.0,7.301,104.535,105.182,2.399,0,0,0,0,20,0
123,A0110301,A011,3,2.77,2.49,16.74,98.6,26350.0,7.629,114.754,117.684,8.831,0,0,0,0,21,1
124,A0110401,A011,4,2.279,2.094,15.28,99.9,28724.0,7.862,112.515,113.457,-7.703,0,0,0,0,21,0
125,A0110501,A011,5,2.279,2.094,15.28,97.7,31166.0,7.719,119.374,120.836,1.645,0,0,0,0,22,0
126,A0110601,A011,6,2.279,2.094,15.28,107.0,30600.0,7.116,121.065,122.731,2.056,0,0,0,0,21,0
127,A0110701,A011,7,2.247,1.603,14.55,106.1,29287.0,7.378,122.571,123.876,-1.883,0,0,0,0,22,0
128,A0110801,A011,8,2.247,1.603,14.55,102.4,28755.0,7.56,106.419,111.635,1.503,0,1,0,0,22,0
129,A0110901,A011,9,2.247,1.603,14.55,90.6,32457.0,7.53,114.717,115.555,0.656,0,0,1,0,20,0
130,A0111001,A011,10,2.115,1.213,14.45,93.0,30356.0,7.584,122.281,123.188,2.287,0,0,1,0,22,0
131,A0111101,A011,11,2.115,1.213,14.45,91.4,28835.0,6.752,118.755,122.844,6.512,0,0,1,0,21,0
132,A0111201,A011,12,2.115,1.213,14.45,90.9,20933.0,6.919,117.023,124.46,4.346,0,0,1,0,19,0
133,A0120101,A012,1,2.171,1.231,14.7,93.8,36832.0,7.436,111.808,115.32,1.853,0,0,0,0,22,0
134,A0120201,A012,2,2.171,1.231,14.7,96.1,31018.0,7.216,109.004,109.395,3.05,0,0,0,0,20,0
135,A0120301,A012,3,2.171,1.231,14.7,93.9,30716.0,7.433,119.066,122.096,0.136,0,0,0,0,21,0
136,A0120401,A012,4,2.026,0.692,14.02,97.0,29032.0,7.318,116.687,120.529,7.554,0,0,0,0,21,1
137,A0120501,A012,5,2.026,0.692,14.02,96.9,34883.0,7.479,123.249,125.549,5.566,0,0,0,0,22,0
138,A0120601,A012,6,2.026,0.692,14.02,102.3,29900.0,7.066,120.982,123.646,4.466,0,0,0,0,20,0
139,A0120701,A012,7,1.95,1.287,13.92,97.0,33344.0,7.271,128.09,130.052,3.518,0,0,0,0,23,0
140,A0120801,A012,8,1.95,1.287,13.92,86.0,20385.0,7.408,105.964,111.703,2.949,0,0,0,0,21,0
141,A0120901,A012,9,1.95,1.287,13.92,80.7,22488.0,7.36,117.331,118.371,0.139,0,0,0,0,21,0
142,A0121001,A012,10,1.8,1.203,13.78,73.3,29691.0,7.27,124.888,127.825,1.52,0,0,0,0,23,0
143,A0121101,A012,11,1.8,1.203,13.78,77.4,29146.0,6.42,118.266,122.682,3.609,0,1,0,0,20,0
144,A0121201,A012,12,1.8,1.203,13.78,77.7,30285.0,6.66,122.129,131.426,3.028,0,1,0,0,20,0
