t,periodo,anio,mes,segmento,descripcion,stock_total,s_0_90,s_91_180,s_mas_180,s_sin_cliente,wholesale
97,A0090101,A009,1,B,Pequeño,270,136,72,62,76,
98,A0090201,A009,2,B,Pequeño,203,99,45,59,73,77.0
99,A0090301,A009,3,B,Pequeño,201,125,30,46,90,148.0
100,A0090401,A009,4,B,Pequeño,217,150,30,37,125,122.0
101,A0090501,A009,5,B,Pequeño,220,168,18,34,162,131.0
102,A0090601,A009,6,B,Pequeño,195,146,27,22,150,125.0
103,A0090701,A009,7,B,Pequeño,232,183,33,16,178,184.0
104,A0090801,A009,8,B,Pequeño,239,182,44,13,193,106.0
105,A0090901,A009,9,B,Pequeño,238,169,56,13,185,107.0
106,A0091001,A009,10,B,Pequeño,251,167,60,24,198,137.0
107,A0091101,A009,11,B,Pequeño,226,151,55,20,179,96.0
108,A0091201,A009,12,B,Pequeño,242,168,45,29,187,121.0
109,A0100101,A010,1,B,Pequeño,250,172,49,29,211,94.0
110,A0100201,A010,2,B,Pequeño,250,187,41,22,196,121.0
111,A0100301,A010,3,B,Pequeño,199,115,59,25,160,50.0
112,A0100401,A010,4,B,Pequeño,181,101,50,30,135,52.0
113,A0100501,A010,5,B,Pequeño,215,138,49,28,166,139.0
114,A0100601,A010,6,B,Pequeño,230,163,42,25,180,136.0
115,A0100701,A010,7,B,Pequeño,213,172,20,21,159,104.0
116,A0100801,A010,8,B,Pequeño,253,193,40,20,203,146.0
117,A0100901,A010,9,B,Pequeño,181,130,41,10,154,65.0
118,A0101001,A010,10,B,Pequeño,163,106,47,10,129,86.0
119,A0101101,A010,11,B,Pequeño,260,198,51,11,219,201.0
120,A0101201,A010,12,B,Pequeño,265,214,38,13,160,99.0
121,A0110101,A011,1,B,Pequeño,253,215,27,11,150,114.0
122,A0110201,A011,2,B,Pequeño,295,210,74,11,143,178.0
123,A0110301,A011,3,B,Pequeño,250,159,82,9,123,104.0
124,A0110401,A011,4,B,Pequeño,289,195,84,10,157,219.0
125,A0110501,A011,5,B,Pequeño,162,113,31,18,134,69.0
126,A0110601,A011,6,B,Pequeño,170,131,25,14,156,106.0
127,A0110701,A011,7,B,Pequeño,170,158,7,5,139,125.0
128,A0110801,A011,8,B,Pequeño,174,166,6,2,126,132.0
129,A0110901,A011,9,B,Pequeño,158,148,10,0,110,179.0
130,A0111001,A011,10,B,Pequeño,230,216,14,0,150,243.0
131,A0111101,A011,11,B,Pequeño,191,179,12,0,118,129.0
132,A0111201,A011,12,B,Pequeño,145,127,16,2,92,75.0
133,A0120101,A012,1,B,Pequeño,150,110,36,4,76,108.0
134,A0120201,A012,2,B,Pequeño,185,161,23,1,70,143.0
135,A0120301,A012,3,B,Pequeño,140,131,9,0,54,81.0
136,A0120401,A012,4,B,Pequeño,208,199,8,1,64,190.0
137,A0120501,A012,5,B,Pequeño,363,353,7,3,154,333.0
138,A0120601,A012,6,B,Pequeño,207,198,8,1,109,115.0
139,A0120701,A012,7,B,Pequeño,236,215,20,1,112,138.0
140,A0120801,A012,8,B,Pequeño,276,218,57,1,137,154.0
141,A0120901,A012,9,B,Pequeño,316,270,46,0,175,184.0
142,A0121001,A012,10,B,Pequeño,271,223,46,2,187,128.0
143,A0121101,A012,11,B,Pequeño,112,89,20,3,59,45.0
144,A0121201,A012,12,B,Pequeño,97,97,0,0,73,97.0
97,A0090101,A009,1,C,Compacto,479,298,118,63,117,
98,A0090201,A009,2,C,Compacto,468,322,74,72,130,271.0
99,A0090301,A009,3,C,Compacto,411,325,56,30,187,327.0
100,A0090401,A009,4,C,Compacto,626,524,72,30,363,471.0
101,A0090501,A009,5,C,Compacto,602,504,74,24,442,308.0
102,A0090601,A009,6,C,Compacto,619,498,91,30,470,327.0
103,A0090701,A009,7,C,Compacto,682,473,175,34,563,404.0
104,A0090801,A009,8,C,Compacto,690,461,195,34,607,222.0
105,A0090901,A009,9,C,Compacto,636,395,191,50,559,238.0
106,A0091001,A009,10,C,Compacto,695,377,219,99,593,295.0
107,A0091101,A009,11,C,Compacto,652,318,229,105,549,181.0
108,A0091201,A009,12,C,Compacto,727,469,167,91,473,408.0
109,A0100101,A010,1,C,Compacto,649,368,153,128,528,269.0
110,A0100201,A010,2,C,Compacto,540,294,116,130,417,157.0
111,A0100301,A010,3,C,Compacto,683,432,114,137,430,437.0
112,A0100401,A010,4,C,Compacto,764,517,103,144,549,439.0
113,A0100501,A010,5,C,Compacto,711,482,104,125,519,320.0
114,A0100601,A010,6,C,Compacto,551,396,93,62,402,313.0
115,A0100701,A010,7,C,Compacto,559,362,142,55,406,252.0
116,A0100801,A010,8,C,Compacto,510,314,136,60,373,199.0
117,A0100901,A010,9,C,Compacto,448,253,139,56,338,215.0
118,A0101001,A010,10,C,Compacto,490,293,104,93,351,321.0
119,A0101101,A010,11,C,Compacto,562,391,85,86,383,387.0
120,A0101201,A010,12,C,Compacto,478,345,61,72,283,234.0
121,A0110101,A011,1,C,Compacto,433,305,58,70,264,236.0
122,A0110201,A011,2,C,Compacto,477,336,82,59,283,395.0
123,A0110301,A011,3,C,Compacto,314,217,53,44,192,213.0
124,A0110401,A011,4,C,Compacto,491,394,59,38,302,478.0
125,A0110501,A011,5,C,Compacto,516,408,72,36,381,349.0
126,A0110601,A011,6,C,Compacto,574,516,35,23,498,454.0
127,A0110701,A011,7,C,Compacto,587,491,73,23,486,331.0
128,A0110801,A011,8,C,Compacto,657,535,93,29,556,451.0
129,A0110901,A011,9,C,Compacto,656,490,144,22,508,249.0
130,A0111001,A011,10,C,Compacto,497,324,131,42,344,65.0
131,A0111101,A011,11,C,Compacto,321,115,163,43,196,2.0
132,A0111201,A011,12,C,Compacto,169,13,117,39,100,0.0
133,A0120101,A012,1,C,Compacto,108,69,26,13,67,85.0
134,A0120201,A012,2,C,Compacto,468,456,4,8,297,537.0
135,A0120301,A012,3,C,Compacto,571,568,0,3,377,438.0
136,A0120401,A012,4,C,Compacto,532,514,16,2,373,234.0
137,A0120501,A012,5,C,Compacto,830,705,125,0,629,696.0
138,A0120601,A012,6,C,Compacto,788,635,153,0,635,410.0
139,A0120701,A012,7,C,Compacto,860,691,166,3,723,462.0
140,A0120801,A012,8,C,Compacto,939,612,289,38,798,326.0
141,A0120901,A012,9,C,Compacto,1001,601,314,86,860,464.0
142,A0121001,A012,10,C,Compacto,1043,544,401,98,909,406.0
143,A0121101,A012,11,C,Compacto,1075,601,309,165,853,525.0
144,A0121201,A012,12,C,Compacto,1107,628,281,198,982,543.0
97,A0090101,A009,1,CSUV,SUV compacto,0,0,0,0,0,
98,A0090201,A009,2,CSUV,SUV compacto,0,0,0,0,0,0.0
99,A0090301,A009,3,CSUV,SUV compacto,0,0,0,0,0,0.0
100,A0090401,A009,4,CSUV,SUV compacto,0,0,0,0,0,0.0
101,A0090501,A009,5,CSUV,SUV compacto,0,0,0,0,0,0.0
102,A0090601,A009,6,CSUV,SUV compacto,0,0,0,0,0,0.0
103,A0090701,A009,7,CSUV,SUV compacto,0,0,0,0,0,0.0
104,A0090801,A009,8,CSUV,SUV compacto,0,0,0,0,0,0.0
105,A0090901,A009,9,CSUV,SUV compacto,0,0,0,0,0,0.0
106,A0091001,A009,10,CSUV,SUV compacto,0,0,0,0,0,0.0
107,A0091101,A009,11,CSUV,SUV compacto,0,0,0,0,0,0.0
108,A0091201,A009,12,CSUV,SUV compacto,0,0,0,0,0,0.0
109,A0100101,A010,1,CSUV,SUV compacto,0,0,0,0,0,0.0
110,A0100201,A010,2,CSUV,SUV compacto,0,0,0,0,0,0.0
111,A0100301,A010,3,CSUV,SUV compacto,0,0,0,0,0,0.0
112,A0100401,A010,4,CSUV,SUV compacto,0,0,0,0,0,0.0
113,A0100501,A010,5,CSUV,SUV compacto,0,0,0,0,0,0.0
114,A0100601,A010,6,CSUV,SUV compacto,0,0,0,0,0,0.0
115,A0100701,A010,7,CSUV,SUV compacto,0,0,0,0,0,0.0
116,A0100801,A010,8,CSUV,SUV compacto,0,0,0,0,0,0.0
117,A0100901,A010,9,CSUV,SUV compacto,0,0,0,0,0,0.0
118,A0101001,A010,10,CSUV,SUV compacto,0,0,0,0,0,0.0
119,A0101101,A010,11,CSUV,SUV compacto,0,0,0,0,0,0.0
120,A0101201,A010,12,CSUV,SUV compacto,0,0,0,0,0,0.0
121,A0110101,A011,1,CSUV,SUV compacto,0,0,0,0,0,0.0
122,A0110201,A011,2,CSUV,SUV compacto,0,0,0,0,0,0.0
123,A0110301,A011,3,CSUV,SUV compacto,0,0,0,0,0,0.0
124,A0110401,A011,4,CSUV,SUV compacto,0,0,0,0,0,0.0
125,A0110501,A011,5,CSUV,SUV compacto,0,0,0,0,0,0.0
126,A0110601,A011,6,CSUV,SUV compacto,0,0,0,0,0,0.0
127,A0110701,A011,7,CSUV,SUV compacto,0,0,0,0,0,0.0
128,A0110801,A011,8,CSUV,SUV compacto,0,0,0,0,0,0.0
129,A0110901,A011,9,CSUV,SUV compacto,0,0,0,0,0,0.0
130,A0111001,A011,10,CSUV,SUV compacto,0,0,0,0,0,0.0
131,A0111101,A011,11,CSUV,SUV compacto,0,0,0,0,0,0.0
132,A0111201,A011,12,CSUV,SUV compacto,0,0,0,0,0,0.0
133,A0120101,A012,1,CSUV,SUV compacto,0,0,0,0,0,0.0
134,A0120201,A012,2,CSUV,SUV compacto,0,0,0,0,0,0.0
135,A0120301,A012,3,CSUV,SUV compacto,0,0,0,0,0,0.0
136,A0120401,A012,4,CSUV,SUV compacto,0,0,0,0,0,0.0
137,A0120501,A012,5,CSUV,SUV compacto,0,0,0,0,0,0.0
138,A0120601,A012,6,CSUV,SUV compacto,0,0,0,0,0,0.0
139,A0120701,A012,7,CSUV,SUV compacto,0,0,0,0,0,0.0
140,A0120801,A012,8,CSUV,SUV compacto,293,293,0,0,223,412.0
141,A0120901,A012,9,CSUV,SUV compacto,556,556,0,0,459,458.0
142,A0121001,A012,10,CSUV,SUV compacto,717,695,22,0,579,506.0
143,A0121101,A012,11,CSUV,SUV compacto,840,661,179,0,632,490.0
144,A0121201,A012,12,CSUV,SUV compacto,1011,684,327,0,870,580.0
97,A0090101,A009,1,MD,Berlina media,330,231,68,31,112,
98,A0090201,A009,2,MD,Berlina media,319,201,84,34,130,172.0
99,A0090301,A009,3,MD,Berlina media,264,166,68,30,144,199.0
100,A0090401,A009,4,MD,Berlina media,270,164,77,29,160,136.0
101,A0090501,A009,5,MD,Berlina media,259,160,59,40,186,150.0
102,A0090601,A009,6,MD,Berlina media,233,143,51,39,180,143.0
103,A0090701,A009,7,MD,Berlina media,238,143,56,39,188,121.0
104,A0090801,A009,8,MD,Berlina media,341,220,68,53,219,166.0
105,A0090901,A009,9,MD,Berlina media,321,193,73,55,252,182.0
106,A0091001,A009,10,MD,Berlina media,326,208,65,53,277,155.0
107,A0091101,A009,11,MD,Berlina media,327,213,65,49,271,131.0
108,A0091201,A009,12,MD,Berlina media,312,193,69,50,236,132.0
109,A0100101,A010,1,MD,Berlina media,352,211,85,56,261,194.0
110,A0100201,A010,2,MD,Berlina media,331,196,84,51,263,126.0
111,A0100301,A010,3,MD,Berlina media,314,189,67,58,255,119.0
112,A0100401,A010,4,MD,Berlina media,318,189,67,62,277,121.0
113,A0100501,A010,5,MD,Berlina media,339,183,88,68,277,137.0
114,A0100601,A010,6,MD,Berlina media,320,164,95,61,256,106.0
115,A0100701,A010,7,MD,Berlina media,332,156,100,76,290,128.0
116,A0100801,A010,8,MD,Berlina media,345,155,97,93,304,96.0
117,A0100901,A010,9,MD,Berlina media,350,179,80,91,317,104.0
118,A0101001,A010,10,MD,Berlina media,375,181,98,96,335,164.0
119,A0101101,A010,11,MD,Berlina media,340,156,86,98,295,82.0
120,A0101201,A010,12,MD,Berlina media,296,113,98,85,252,73.0
121,A0110101,A011,1,MD,Berlina media,256,68,92,96,223,64.0
122,A0110201,A011,2,MD,Berlina media,232,77,76,79,191,68.0
123,A0110301,A011,3,MD,Berlina media,193,67,49,77,145,79.0
124,A0110401,A011,4,MD,Berlina media,209,100,26,83,148,120.0
125,A0110501,A011,5,MD,Berlina media,187,82,24,81,147,77.0
126,A0110601,A011,6,MD,Berlina media,165,84,20,61,131,61.0
127,A0110701,A011,7,MD,Berlina media,164,116,15,33,124,103.0
128,A0110801,A011,8,MD,Berlina media,155,138,4,13,121,108.0
129,A0110901,A011,9,MD,Berlina media,140,117,15,8,109,85.0
130,A0111001,A011,10,MD,Berlina media,181,140,33,8,147,109.0
131,A0111101,A011,11,MD,Berlina media,191,146,38,7,136,91.0
132,A0111201,A011,12,MD,Berlina media,207,145,51,11,139,113.0
133,A0120101,A012,1,MD,Berlina media,178,92,71,15,140,67.0
134,A0120201,A012,2,MD,Berlina media,185,97,67,21,134,71.0
135,A0120301,A012,3,MD,Berlina media,143,69,47,27,119,55.0
136,A0120401,A012,4,MD,Berlina media,156,88,28,40,129,64.0
137,A0120501,A012,5,MD,Berlina media,183,117,27,39,156,106.0
138,A0120601,A012,6,MD,Berlina media,180,104,36,40,156,53.0
139,A0120701,A012,7,MD,Berlina media,239,155,50,34,211,126.0
140,A0120801,A012,8,MD,Berlina media,222,120,69,33,200,29.0
141,A0120901,A012,9,MD,Berlina media,216,119,53,44,197,40.0
142,A0121001,A012,10,MD,Berlina media,192,56,83,53,176,35.0
143,A0121101,A012,11,MD,Berlina media,167,38,67,62,145,19.0
144,A0121201,A012,12,MD,Berlina media,125,17,57,51,117,8.0
97,A0090101,A009,1,MSUV,SUV medio,1095,897,128,70,278,
98,A0090201,A009,2,MSUV,SUV medio,1022,782,179,61,310,549.0
99,A0090301,A009,3,MSUV,SUV medio,935,670,216,49,358,576.0
100,A0090401,A009,4,MSUV,SUV medio,979,699,222,58,522,633.0
101,A0090501,A009,5,MSUV,SUV medio,1012,747,189,76,758,646.0
102,A0090601,A009,6,MSUV,SUV medio,885,662,150,73,676,430.0
103,A0090701,A009,7,MSUV,SUV medio,816,581,165,70,599,480.0
104,A0090801,A009,8,MSUV,SUV medio,1001,697,229,75,672,619.0
105,A0090901,A009,9,MSUV,SUV medio,1048,695,267,86,739,610.0
106,A0091001,A009,10,MSUV,SUV medio,887,543,243,101,660,331.0
107,A0091101,A009,11,MSUV,SUV medio,773,489,173,111,513,417.0
108,A0091201,A009,12,MSUV,SUV medio,543,297,132,114,347,206.0
109,A0100101,A010,1,MSUV,SUV medio,700,483,114,103,402,501.0
110,A0100201,A010,2,MSUV,SUV medio,852,670,99,83,432,619.0
111,A0100301,A010,3,MSUV,SUV medio,479,334,65,80,287,117.0
112,A0100401,A010,4,MSUV,SUV medio,375,256,56,63,249,171.0
113,A0100501,A010,5,MSUV,SUV medio,762,704,33,25,379,830.0
114,A0100601,A010,6,MSUV,SUV medio,710,691,13,6,306,564.0
115,A0100701,A010,7,MSUV,SUV medio,756,734,15,7,332,688.0
116,A0100801,A010,8,MSUV,SUV medio,885,794,83,8,405,661.0
117,A0100901,A010,9,MSUV,SUV medio,639,526,108,5,331,446.0
118,A0101001,A010,10,MSUV,SUV medio,1204,1057,139,8,636,1243.0
119,A0101101,A010,11,MSUV,SUV medio,1421,1266,135,20,849,1112.0
120,A0101201,A010,12,MSUV,SUV medio,1221,1093,96,32,809,601.0
121,A0110101,A011,1,MSUV,SUV medio,1217,957,215,45,849,555.0
122,A0110201,A011,2,MSUV,SUV medio,1214,865,302,47,789,687.0
123,A0110301,A011,3,MSUV,SUV medio,1114,749,327,38,632,725.0
124,A0110401,A011,4,MSUV,SUV medio,1900,1530,296,74,1475,1702.0
125,A0110501,A011,5,MSUV,SUV medio,1712,1329,253,130,1342,606.0
126,A0110601,A011,6,MSUV,SUV medio,1273,997,152,124,1089,387.0
127,A0110701,A011,7,MSUV,SUV medio,727,252,383,92,607,157.0
128,A0110801,A011,8,MSUV,SUV medio,872,686,142,44,583,870.0
129,A0110901,A011,9,MSUV,SUV medio,1102,962,107,33,777,821.0
130,A0111001,A011,10,MSUV,SUV medio,1271,1139,50,82,960,780.0
131,A0111101,A011,11,MSUV,SUV medio,1506,1327,118,61,1010,993.0
132,A0111201,A011,12,MSUV,SUV medio,993,747,219,27,675,304.0
133,A0120101,A012,1,MSUV,SUV medio,1402,1130,255,17,1105,950.0
134,A0120201,A012,2,MSUV,SUV medio,1498,1212,261,25,1129,769.0
135,A0120301,A012,3,MSUV,SUV medio,1512,1322,156,34,1121,739.0
136,A0120401,A012,4,MSUV,SUV medio,1609,1179,390,40,1307,824.0
137,A0120501,A012,5,MSUV,SUV medio,1493,992,439,62,1200,537.0
138,A0120601,A012,6,MSUV,SUV medio,1395,818,516,61,1174,480.0
139,A0120701,A012,7,MSUV,SUV medio,1349,703,493,153,1146,566.0
140,A0120801,A012,8,MSUV,SUV medio,1285,690,400,195,1099,384.0
141,A0120901,A012,9,MSUV,SUV medio,1112,638,273,201,916,461.0
142,A0121001,A012,10,MSUV,SUV medio,1142,708,257,177,919,737.0
143,A0121101,A012,11,MSUV,SUV medio,984,713,162,109,660,731.0
144,A0121201,A012,12,MSUV,SUV medio,536,435,66,35,458,576.0
97,A0090101,A009,1,S,Descapotable,32,28,3,1,9,
98,A0090201,A009,2,S,Descapotable,23,19,2,2,9,24.0
99,A0090301,A009,3,S,Descapotable,44,41,1,2,14,50.0
100,A0090401,A009,4,S,Descapotable,64,58,4,2,32,44.0
101,A0090501,A009,5,S,Descapotable,57,51,5,1,41,31.0
102,A0090601,A009,6,S,Descapotable,55,44,10,1,41,28.0
103,A0090701,A009,7,S,Descapotable,46,27,18,1,35,18.0
104,A0090801,A009,8,S,Descapotable,52,39,11,2,35,26.0
105,A0090901,A009,9,S,Descapotable,54,33,16,5,40,20.0
106,A0091001,A009,10,S,Descapotable,53,31,14,8,42,21.0
107,A0091101,A009,11,S,Descapotable,66,42,15,9,54,35.0
108,A0091201,A009,12,S,Descapotable,75,49,14,12,52,31.0
109,A0100101,A010,1,S,Descapotable,84,52,18,14,50,43.0
110,A0100201,A010,2,S,Descapotable,83,54,13,16,50,57.0
111,A0100301,A010,3,S,Descapotable,69,35,18,16,51,50.0
112,A0100401,A010,4,S,Descapotable,68,39,12,17,44,30.0
113,A0100501,A010,5,S,Descapotable,72,44,13,15,40,44.0
114,A0100601,A010,6,S,Descapotable,106,78,9,19,48,75.0
115,A0100701,A010,7,S,Descapotable,107,86,9,12,58,109.0
116,A0100801,A010,8,S,Descapotable,138,113,16,9,103,90.0
117,A0100901,A010,9,S,Descapotable,148,119,18,11,94,57.0
118,A0101001,A010,10,S,Descapotable,125,71,41,13,105,34.0
119,A0101101,A010,11,S,Descapotable,125,54,54,17,106,32.0
120,A0101201,A010,12,S,Descapotable,119,45,55,19,105,14.0
121,A0110101,A011,1,S,Descapotable,135,56,43,36,117,58.0
122,A0110201,A011,2,S,Descapotable,100,51,20,29,81,47.0
123,A0110301,A011,3,S,Descapotable,90,43,20,27,71,28.0
124,A0110401,A011,4,S,Descapotable,83,42,20,21,74,41.0
125,A0110501,A011,5,S,Descapotable,97,54,27,16,83,47.0
126,A0110601,A011,6,S,Descapotable,90,62,16,12,76,42.0
127,A0110701,A011,7,S,Descapotable,61,32,13,16,58,15.0
128,A0110801,A011,8,S,Descapotable,82,48,19,15,75,54.0
129,A0110901,A011,9,S,Descapotable,106,77,19,10,91,61.0
130,A0111001,A011,10,S,Descapotable,86,61,16,9,78,43.0
131,A0111101,A011,11,S,Descapotable,96,68,18,10,79,40.0
132,A0111201,A011,12,S,Descapotable,121,80,32,9,79,56.0
133,A0120101,A012,1,S,Descapotable,111,63,36,12,93,49.0
134,A0120201,A012,2,S,Descapotable,92,43,34,15,76,24.0
135,A0120301,A012,3,S,Descapotable,92,45,24,23,73,32.0
136,A0120401,A012,4,S,Descapotable,91,45,22,24,75,37.0
137,A0120501,A012,5,S,Descapotable,92,52,20,20,72,57.0
138,A0120601,A012,6,S,Descapotable,89,60,11,18,66,65.0
139,A0120701,A012,7,S,Descapotable,72,47,10,15,58,37.0
140,A0120801,A012,8,S,Descapotable,72,44,14,14,55,36.0
141,A0120901,A012,9,S,Descapotable,69,35,22,12,58,38.0
142,A0121001,A012,10,S,Descapotable,44,24,13,7,34,28.0
143,A0121101,A012,11,S,Descapotable,42,28,8,6,26,33.0
144,A0121201,A012,12,S,Descapotable,1,0,0,1,1,33.0
97,A0090101,A009,1,SSUV,SUV pequeño,949,751,155,43,343,
98,A0090201,A009,2,SSUV,SUV pequeño,883,618,200,65,385,324.0
99,A0090301,A009,3,SSUV,SUV pequeño,811,469,266,76,439,363.0
100,A0090401,A009,4,SSUV,SUV pequeño,831,464,271,96,548,361.0
101,A0090501,A009,5,SSUV,SUV pequeño,781,444,198,139,613,288.0
102,A0090601,A009,6,SSUV,SUV pequeño,628,350,122,156,512,289.0
103,A0090701,A009,7,SSUV,SUV pequeño,478,264,87,127,369,254.0
104,A0090801,A009,8,SSUV,SUV pequeño,633,436,80,117,429,397.0
105,A0090901,A009,9,SSUV,SUV pequeño,673,496,75,102,500,425.0
106,A0091001,A009,10,SSUV,SUV pequeño,661,497,80,84,473,380.0
107,A0091101,A009,11,SSUV,SUV pequeño,675,518,99,58,471,428.0
108,A0091201,A009,12,SSUV,SUV pequeño,555,388,114,53,346,288.0
109,A0100101,A010,1,SSUV,SUV pequeño,523,360,110,53,271,266.0
110,A0100201,A010,2,SSUV,SUV pequeño,420,285,85,50,188,122.0
111,A0100301,A010,3,SSUV,SUV pequeño,697,574,78,45,338,637.0
112,A0100401,A010,4,SSUV,SUV pequeño,762,577,143,42,448,537.0
113,A0100501,A010,5,SSUV,SUV pequeño,917,734,138,45,572,523.0
114,A0100601,A010,6,SSUV,SUV pequeño,951,741,174,36,552,443.0
115,A0100701,A010,7,SSUV,SUV pequeño,955,754,174,27,629,452.0
116,A0100801,A010,8,SSUV,SUV pequeño,902,617,254,31,602,287.0
117,A0100901,A010,9,SSUV,SUV pequeño,802,465,297,40,568,333.0
118,A0101001,A010,10,SSUV,SUV pequeño,881,484,316,81,626,384.0
119,A0101101,A010,11,SSUV,SUV pequeño,810,542,167,101,623,384.0
120,A0101201,A010,12,SSUV,SUV pequeño,793,547,148,98,596,449.0
121,A0110101,A011,1,SSUV,SUV pequeño,820,578,142,100,659,471.0
122,A0110201,A011,2,SSUV,SUV pequeño,728,501,153,74,570,363.0
123,A0110301,A011,3,SSUV,SUV pequeño,604,378,146,80,405,337.0
124,A0110401,A011,4,SSUV,SUV pequeño,699,482,134,83,506,497.0
125,A0110501,A011,5,SSUV,SUV pequeño,652,454,117,81,497,392.0
126,A0110601,A011,6,SSUV,SUV pequeño,555,438,59,58,412,403.0
127,A0110701,A011,7,SSUV,SUV pequeño,267,180,45,42,203,141.0
128,A0110801,A011,8,SSUV,SUV pequeño,359,337,15,7,235,577.0
129,A0110901,A011,9,SSUV,SUV pequeño,513,493,14,6,338,475.0
130,A0111001,A011,10,SSUV,SUV pequeño,781,746,28,7,494,693.0
131,A0111101,A011,11,SSUV,SUV pequeño,938,888,42,8,556,701.0
132,A0111201,A011,12,SSUV,SUV pequeño,1034,933,93,8,655,715.0
133,A0120101,A012,1,SSUV,SUV pequeño,981,874,103,4,639,571.0
134,A0120201,A012,2,SSUV,SUV pequeño,737,600,129,8,471,231.0
135,A0120301,A012,3,SSUV,SUV pequeño,705,538,160,7,368,474.0
136,A0120401,A012,4,SSUV,SUV pequeño,647,527,115,5,354,584.0
137,A0120501,A012,5,SSUV,SUV pequeño,677,600,67,10,392,599.0
138,A0120601,A012,6,SSUV,SUV pequeño,562,500,51,11,304,400.0
139,A0120701,A012,7,SSUV,SUV pequeño,601,548,46,7,362,555.0
140,A0120801,A012,8,SSUV,SUV pequeño,785,687,88,10,524,582.0
141,A0120901,A012,9,SSUV,SUV pequeño,799,710,80,9,596,455.0
142,A0121001,A012,10,SSUV,SUV pequeño,777,652,115,10,620,432.0
143,A0121101,A012,11,SSUV,SUV pequeño,538,409,113,16,247,312.0
144,A0121201,A012,12,SSUV,SUV pequeño,0,0,0,0,0,2.0
